PassengerId,Survived,Pclass,Name,Age,SibSp,Parch,Ticket,Fare,Cabin,Sex_male,Embarked_S
1,0,3,Allen,-0.5172402780698216,1,0,A/5 21171,-0.9871057464495869,,1,1
2,1,1,Bonnell,0.5655804909735433,1,0,PC 17599,1.6124407319191034,C85,0,0
3,1,3,Heikkinen,-0.24653508580898037,0,0,STON/O2. 3101282,-0.9597029127224658,,0,1
4,1,1,Futrelle,0.3625515967779124,1,0,113803,0.8742571074593082,C123,0,1
5,0,3,Moran,0.05800825548446601,0,0,330877,-0.9380526442385048,,1,1
6,0,3,McCarthy,1.6484012600169082,0,0,17463,0.8240185789595859,E46,1,1
